scenario,region,class,units,x,value,subRegion,subRegType,classPalette
SSP2_ipsl_epic,China,Corn,Agricultural Productivity Change (% - RFD_low),2030,0.009099,Amur,subBasin,pal_div
SSP2_ipsl_epic,China,Corn,Agricultural Productivity Change (% - RFD_low),2050,0.004266,Amur,subBasin,pal_div
SSP2_ipsl_epic,China,Corn,Agricultural Productivity Change (% - RFD_low),2100,-0.002072,Amur,subBasin,pal_div
SSP2_ipsl_epic,China,Corn,Agricultural Productivity Change (% - RFD_low),2030,0.009898,Bo_Hai_Korean_Bay_North_Coast,subBasin,pal_div
SSP2_ipsl_epic,China,Corn,Agricultural Productivity Change (% - RFD_low),2050,0.005675,Bo_Hai_Korean_Bay_North_Coast,subBasin,pal_div
SSP2_ipsl_epic,China,Corn,Agricultural Productivity Change (% - RFD_low),2100,-0.002412,Bo_Hai_Korean_Bay_North_Coast,subBasin,pal_div
SSP2_ipsl_epic,China,Corn,Agricultural Productivity Change (% - RFD_low),2030,0.003025,China_Coast,subBasin,pal_div
SSP2_ipsl_epic,China,Corn,Agricultural Productivity Change (% - RFD_low),2050,0.005296,China_Coast,subBasin,pal_div
SSP2_ipsl_epic,China,Corn,Agricultural Productivity Change (% - RFD_low),2100,-0.007325,China_Coast,subBasin,pal_div
SSP2_ipsl_epic,China,Corn,Agricultural Productivity Change (% - RFD_low),2030,0.002539,Ganges_Bramaputra,subBasin,pal_div
SSP2_ipsl_epic,China,Corn,Agricultural Productivity Change (% - RFD_low),2030,0.002539,Ganges_Bramaputra,subBasin,pal_div
SSP2_ipsl_epic,China,Corn,Agricultural Productivity Change (% - RFD_low),2050,0.004114,Ganges_Bramaputra,subBasin,pal_div
SSP2_ipsl_epic,China,Corn,Agricultural Productivity Change (% - RFD_low),2050,0.004114,Ganges_Bramaputra,subBasin,pal_div
SSP2_ipsl_epic,China,Corn,Agricultural Productivity Change (% - RFD_low),2100,-0.000499,Ganges_Bramaputra,subBasin,pal_div
SSP2_ipsl_epic,China,Corn,Agricultural Productivity Change (% - RFD_low),2100,-0.000499,Ganges_Bramaputra,subBasin,pal_div
SSP2_ipsl_epic,China,Corn,Agricultural Productivity Change (% - RFD_low),2030,0.000484,Gobi_Interior,subBasin,pal_div
SSP2_ipsl_epic,China,Corn,Agricultural Productivity Change (% - RFD_low),2050,0.007836,Gobi_Interior,subBasin,pal_div
SSP2_ipsl_epic,China,Corn,Agricultural Productivity Change (% - RFD_low),2100,-0.00441,Gobi_Interior,subBasin,pal_div
SSP2_ipsl_epic,China,Corn,Agricultural Productivity Change (% - RFD_low),2030,0.0061,Hainan,subBasin,pal_div
SSP2_ipsl_epic,China,Corn,Agricultural Productivity Change (% - RFD_low),2050,0.0038,Hainan,subBasin,pal_div
SSP2_ipsl_epic,China,Corn,Agricultural Productivity Change (% - RFD_low),2100,0.0013,Hainan,subBasin,pal_div
SSP2_ipsl_epic,China,Corn,Agricultural Productivity Change (% - RFD_low),2030,0.003256,Hong_(Red_River),subBasin,pal_div
SSP2_ipsl_epic,China,Corn,Agricultural Productivity Change (% - RFD_low),2030,0.003256,Hong_(Red_River),subBasin,pal_div
SSP2_ipsl_epic,China,Corn,Agricultural Productivity Change (% - RFD_low),2050,-0.004082,Hong_(Red_River),subBasin,pal_div
SSP2_ipsl_epic,China,Corn,Agricultural Productivity Change (% - RFD_low),2050,-0.004082,Hong_(Red_River),subBasin,pal_div
SSP2_ipsl_epic,China,Corn,Agricultural Productivity Change (% - RFD_low),2100,0.002816,Hong_(Red_River),subBasin,pal_div
SSP2_ipsl_epic,China,Corn,Agricultural Productivity Change (% - RFD_low),2100,0.002816,Hong_(Red_River),subBasin,pal_div
SSP2_ipsl_epic,China,Corn,Agricultural Productivity Change (% - RFD_low),2030,0.00041,Huang_He,subBasin,pal_div
SSP2_ipsl_epic,China,Corn,Agricultural Productivity Change (% - RFD_low),2050,0.002378,Huang_He,subBasin,pal_div
SSP2_ipsl_epic,China,Corn,Agricultural Productivity Change (% - RFD_low),2100,-0.01931,Huang_He,subBasin,pal_div
SSP2_ipsl_epic,China,Corn,Agricultural Productivity Change (% - RFD_low),2030,-0.00463,Indus,subBasin,pal_div
SSP2_ipsl_epic,China,Corn,Agricultural Productivity Change (% - RFD_low),2050,-0.007348,Indus,subBasin,pal_div
SSP2_ipsl_epic,China,Corn,Agricultural Productivity Change (% - RFD_low),2100,-0.000765,Indus,subBasin,pal_div
SSP2_ipsl_epic,China,Corn,Agricultural Productivity Change (% - RFD_low),2030,0.004481,Irrawaddy,subBasin,pal_div
SSP2_ipsl_epic,China,Corn,Agricultural Productivity Change (% - RFD_low),2030,0.004481,Irrawaddy,subBasin,pal_div
SSP2_ipsl_epic,China,Corn,Agricultural Productivity Change (% - RFD_low),2050,-0.000785,Irrawaddy,subBasin,pal_div
SSP2_ipsl_epic,China,Corn,Agricultural Productivity Change (% - RFD_low),2050,-0.000785,Irrawaddy,subBasin,pal_div
SSP2_ipsl_epic,China,Corn,Agricultural Productivity Change (% - RFD_low),2100,-0.00244,Irrawaddy,subBasin,pal_div
SSP2_ipsl_epic,China,Corn,Agricultural Productivity Change (% - RFD_low),2100,-0.00244,Irrawaddy,subBasin,pal_div
SSP2_ipsl_epic,China,Corn,Agricultural Productivity Change (% - RFD_low),2030,-0.002747,Lake_Balkash,subBasin,pal_div
SSP2_ipsl_epic,China,Corn,Agricultural Productivity Change (% - RFD_low),2050,0.004909,Lake_Balkash,subBasin,pal_div
SSP2_ipsl_epic,China,Corn,Agricultural Productivity Change (% - RFD_low),2100,0.000795,Lake_Balkash,subBasin,pal_div
SSP2_ipsl_epic,China,Corn,Agricultural Productivity Change (% - RFD_low),2030,0.004029,Mekong,subBasin,pal_div
SSP2_ipsl_epic,China,Corn,Agricultural Productivity Change (% - RFD_low),2030,0.004029,Mekong,subBasin,pal_div
SSP2_ipsl_epic,China,Corn,Agricultural Productivity Change (% - RFD_low),2050,-0.000911,Mekong,subBasin,pal_div
SSP2_ipsl_epic,China,Corn,Agricultural Productivity Change (% - RFD_low),2050,-0.000911,Mekong,subBasin,pal_div
SSP2_ipsl_epic,China,Corn,Agricultural Productivity Change (% - RFD_low),2100,-0.000564,Mekong,subBasin,pal_div
SSP2_ipsl_epic,China,Corn,Agricultural Productivity Change (% - RFD_low),2100,-0.000564,Mekong,subBasin,pal_div
SSP2_ipsl_epic,China,Corn,Agricultural Productivity Change (% - RFD_low),2030,0.012549,Ob,subBasin,pal_div
SSP2_ipsl_epic,China,Corn,Agricultural Productivity Change (% - RFD_low),2050,0.0038,Ob,subBasin,pal_div
SSP2_ipsl_epic,China,Corn,Agricultural Productivity Change (% - RFD_low),2100,-0.010755,Ob,subBasin,pal_div
SSP2_ipsl_epic,China,Corn,Agricultural Productivity Change (% - RFD_low),2030,0.008282,Russia_South_East_Coast,subBasin,pal_div
SSP2_ipsl_epic,China,Corn,Agricultural Productivity Change (% - RFD_low),2050,0.003439,Russia_South_East_Coast,subBasin,pal_div
SSP2_ipsl_epic,China,Corn,Agricultural Productivity Change (% - RFD_low),2100,0.002112,Russia_South_East_Coast,subBasin,pal_div
SSP2_ipsl_epic,China,Corn,Agricultural Productivity Change (% - RFD_low),2030,0.003391,South_China_Sea_Coast,subBasin,pal_div
SSP2_ipsl_epic,China,Corn,Agricultural Productivity Change (% - RFD_low),2030,0.003391,South_China_Sea_Coast,subBasin,pal_div
SSP2_ipsl_epic,China,Corn,Agricultural Productivity Change (% - RFD_low),2050,-0.000602,South_China_Sea_Coast,subBasin,pal_div
SSP2_ipsl_epic,China,Corn,Agricultural Productivity Change (% - RFD_low),2050,-0.000602,South_China_Sea_Coast,subBasin,pal_div
SSP2_ipsl_epic,China,Corn,Agricultural Productivity Change (% - RFD_low),2100,-0.002059,South_China_Sea_Coast,subBasin,pal_div
SSP2_ipsl_epic,China,Corn,Agricultural Productivity Change (% - RFD_low),2100,-0.002059,South_China_Sea_Coast,subBasin,pal_div
SSP2_ipsl_epic,China,Corn,Agricultural Productivity Change (% - RFD_low),2030,0.006367,Salween,subBasin,pal_div
SSP2_ipsl_epic,China,Corn,Agricultural Productivity Change (% - RFD_low),2030,0.006367,Salween,subBasin,pal_div
SSP2_ipsl_epic,China,Corn,Agricultural Productivity Change (% - RFD_low),2050,-0.000192,Salween,subBasin,pal_div
SSP2_ipsl_epic,China,Corn,Agricultural Productivity Change (% - RFD_low),2050,-0.000192,Salween,subBasin,pal_div
SSP2_ipsl_epic,China,Corn,Agricultural Productivity Change (% - RFD_low),2100,-0.001167,Salween,subBasin,pal_div
SSP2_ipsl_epic,China,Corn,Agricultural Productivity Change (% - RFD_low),2100,-0.001167,Salween,subBasin,pal_div
SSP2_ipsl_epic,China,Corn,Agricultural Productivity Change (% - RFD_low),2030,0.014897,Syr_Darya,subBasin,pal_div
SSP2_ipsl_epic,China,Corn,Agricultural Productivity Change (% - RFD_low),2050,-0.004836,Syr_Darya,subBasin,pal_div
SSP2_ipsl_epic,China,Corn,Agricultural Productivity Change (% - RFD_low),2100,0.00581,Syr_Darya,subBasin,pal_div
SSP2_ipsl_epic,China,Corn,Agricultural Productivity Change (% - RFD_low),2030,0.0061,,subBasin,pal_div
SSP2_ipsl_epic,China,Corn,Agricultural Productivity Change (% - RFD_low),2050,0.0038,,subBasin,pal_div
SSP2_ipsl_epic,China,Corn,Agricultural Productivity Change (% - RFD_low),2100,0.0013,,subBasin,pal_div
SSP2_ipsl_epic,China,Corn,Agricultural Productivity Change (% - RFD_low),2030,-0.001518,Tarim_Interior,subBasin,pal_div
SSP2_ipsl_epic,China,Corn,Agricultural Productivity Change (% - RFD_low),2050,0.00241,Tarim_Interior,subBasin,pal_div
SSP2_ipsl_epic,China,Corn,Agricultural Productivity Change (% - RFD_low),2100,-0.013161,Tarim_Interior,subBasin,pal_div
SSP2_ipsl_epic,China,Corn,Agricultural Productivity Change (% - RFD_low),2030,0.004225,Xun_Jiang,subBasin,pal_div
SSP2_ipsl_epic,China,Corn,Agricultural Productivity Change (% - RFD_low),2030,0.004225,Xun_Jiang,subBasin,pal_div
SSP2_ipsl_epic,China,Corn,Agricultural Productivity Change (% - RFD_low),2050,-0.004543,Xun_Jiang,subBasin,pal_div
SSP2_ipsl_epic,China,Corn,Agricultural Productivity Change (% - RFD_low),2050,-0.004543,Xun_Jiang,subBasin,pal_div
SSP2_ipsl_epic,China,Corn,Agricultural Productivity Change (% - RFD_low),2100,-0.00188,Xun_Jiang,subBasin,pal_div
SSP2_ipsl_epic,China,Corn,Agricultural Productivity Change (% - RFD_low),2100,-0.00188,Xun_Jiang,subBasin,pal_div
SSP2_ipsl_epic,China,Corn,Agricultural Productivity Change (% - RFD_low),2030,0.000598,Yangtze,subBasin,pal_div
SSP2_ipsl_epic,China,Corn,Agricultural Productivity Change (% - RFD_low),2050,-0.000636,Yangtze,subBasin,pal_div
SSP2_ipsl_epic,China,Corn,Agricultural Productivity Change (% - RFD_low),2100,-0.003706,Yangtze,subBasin,pal_div
SSP2_ipsl_epic,China,Corn,Agricultural Productivity Change (% - RFD_low),2030,0.005648,Ziya_He_Interior,subBasin,pal_div
SSP2_ipsl_epic,China,Corn,Agricultural Productivity Change (% - RFD_low),2050,0.006382,Ziya_He_Interior,subBasin,pal_div
SSP2_ipsl_epic,China,Corn,Agricultural Productivity Change (% - RFD_low),2100,-0.006667,Ziya_He_Interior,subBasin,pal_div
SSP2_ipsl_epic,China,MiscCrop,Agricultural Productivity Change (% - RFD_low),2030,0.00851,Amur,subBasin,pal_div
SSP2_ipsl_epic,China,MiscCrop,Agricultural Productivity Change (% - RFD_low),2050,0.003045,Amur,subBasin,pal_div
SSP2_ipsl_epic,China,MiscCrop,Agricultural Productivity Change (% - RFD_low),2100,-0.001389,Amur,subBasin,pal_div
SSP2_ipsl_epic,China,MiscCrop,Agricultural Productivity Change (% - RFD_low),2030,0.012577,Bo_Hai_Korean_Bay_North_Coast,subBasin,pal_div
SSP2_ipsl_epic,China,MiscCrop,Agricultural Productivity Change (% - RFD_low),2050,0.006028,Bo_Hai_Korean_Bay_North_Coast,subBasin,pal_div
SSP2_ipsl_epic,China,MiscCrop,Agricultural Productivity Change (% - RFD_low),2100,0.001194,Bo_Hai_Korean_Bay_North_Coast,subBasin,pal_div
SSP2_ipsl_epic,China,MiscCrop,Agricultural Productivity Change (% - RFD_low),2030,0.001381,China_Coast,subBasin,pal_div
SSP2_ipsl_epic,China,MiscCrop,Agricultural Productivity Change (% - RFD_low),2050,-0.002936,China_Coast,subBasin,pal_div
SSP2_ipsl_epic,China,MiscCrop,Agricultural Productivity Change (% - RFD_low),2100,-0.001687,China_Coast,subBasin,pal_div
SSP2_ipsl_epic,China,MiscCrop,Agricultural Productivity Change (% - RFD_low),2030,0.000659,Ganges_Bramaputra,subBasin,pal_div
SSP2_ipsl_epic,China,MiscCrop,Agricultural Productivity Change (% - RFD_low),2030,0.000659,Ganges_Bramaputra,subBasin,pal_div
SSP2_ipsl_epic,China,MiscCrop,Agricultural Productivity Change (% - RFD_low),2050,0.000596,Ganges_Bramaputra,subBasin,pal_div
SSP2_ipsl_epic,China,MiscCrop,Agricultural Productivity Change (% - RFD_low),2050,0.000596,Ganges_Bramaputra,subBasin,pal_div
SSP2_ipsl_epic,China,MiscCrop,Agricultural Productivity Change (% - RFD_low),2100,-0.002164,Ganges_Bramaputra,subBasin,pal_div
SSP2_ipsl_epic,China,MiscCrop,Agricultural Productivity Change (% - RFD_low),2100,-0.002164,Ganges_Bramaputra,subBasin,pal_div
SSP2_ipsl_epic,China,MiscCrop,Agricultural Productivity Change (% - RFD_low),2030,-0.00964,Gobi_Interior,subBasin,pal_div
SSP2_ipsl_epic,China,MiscCrop,Agricultural Productivity Change (% - RFD_low),2050,0.008913,Gobi_Interior,subBasin,pal_div
SSP2_ipsl_epic,China,MiscCrop,Agricultural Productivity Change (% - RFD_low),2100,-0.010645,Gobi_Interior,subBasin,pal_div
SSP2_ipsl_epic,China,MiscCrop,Agricultural Productivity Change (% - RFD_low),2030,0.0062,Hainan,subBasin,pal_div
SSP2_ipsl_epic,China,MiscCrop,Agricultural Productivity Change (% - RFD_low),2050,0.0029,Hainan,subBasin,pal_div
SSP2_ipsl_epic,China,MiscCrop,Agricultural Productivity Change (% - RFD_low),2100,0.0018,Hainan,subBasin,pal_div
SSP2_ipsl_epic,China,MiscCrop,Agricultural Productivity Change (% - RFD_low),2030,0.003018,Hong_(Red_River),subBasin,pal_div
SSP2_ipsl_epic,China,MiscCrop,Agricultural Productivity Change (% - RFD_low),2030,0.003018,Hong_(Red_River),subBasin,pal_div
SSP2_ipsl_epic,China,MiscCrop,Agricultural Productivity Change (% - RFD_low),2050,0.000244,Hong_(Red_River),subBasin,pal_div
SSP2_ipsl_epic,China,MiscCrop,Agricultural Productivity Change (% - RFD_low),2050,0.000244,Hong_(Red_River),subBasin,pal_div
SSP2_ipsl_epic,China,MiscCrop,Agricultural Productivity Change (% - RFD_low),2100,0.002446,Hong_(Red_River),subBasin,pal_div
SSP2_ipsl_epic,China,MiscCrop,Agricultural Productivity Change (% - RFD_low),2100,0.002446,Hong_(Red_River),subBasin,pal_div
SSP2_ipsl_epic,China,MiscCrop,Agricultural Productivity Change (% - RFD_low),2030,0.000406,Huang_He,subBasin,pal_div
SSP2_ipsl_epic,China,MiscCrop,Agricultural Productivity Change (% - RFD_low),2050,0.005994,Huang_He,subBasin,pal_div
SSP2_ipsl_epic,China,MiscCrop,Agricultural Productivity Change (% - RFD_low),2100,-0.016284,Huang_He,subBasin,pal_div
SSP2_ipsl_epic,China,MiscCrop,Agricultural Productivity Change (% - RFD_low),2030,-0.00515,Indus,subBasin,pal_div
SSP2_ipsl_epic,China,MiscCrop,Agricultural Productivity Change (% - RFD_low),2050,0.000203,Indus,subBasin,pal_div
SSP2_ipsl_epic,China,MiscCrop,Agricultural Productivity Change (% - RFD_low),2100,0.007766,Indus,subBasin,pal_div
SSP2_ipsl_epic,China,MiscCrop,Agricultural Productivity Change (% - RFD_low),2030,0.010486,Irrawaddy,subBasin,pal_div
SSP2_ipsl_epic,China,MiscCrop,Agricultural Productivity Change (% - RFD_low),2030,0.010486,Irrawaddy,subBasin,pal_div
SSP2_ipsl_epic,China,MiscCrop,Agricultural Productivity Change (% - RFD_low),2050,0.008865,Irrawaddy,subBasin,pal_div
SSP2_ipsl_epic,China,MiscCrop,Agricultural Productivity Change (% - RFD_low),2050,0.008865,Irrawaddy,subBasin,pal_div
SSP2_ipsl_epic,China,MiscCrop,Agricultural Productivity Change (% - RFD_low),2100,0.0018,Irrawaddy,subBasin,pal_div
SSP2_ipsl_epic,China,MiscCrop,Agricultural Productivity Change (% - RFD_low),2100,0.0018,Irrawaddy,subBasin,pal_div
SSP2_ipsl_epic,China,MiscCrop,Agricultural Productivity Change (% - RFD_low),2030,-0.011882,Lake_Balkash,subBasin,pal_div
SSP2_ipsl_epic,China,MiscCrop,Agricultural Productivity Change (% - RFD_low),2050,0.005338,Lake_Balkash,subBasin,pal_div
SSP2_ipsl_epic,China,MiscCrop,Agricultural Productivity Change (% - RFD_low),2100,-0.007364,Lake_Balkash,subBasin,pal_div
SSP2_ipsl_epic,China,MiscCrop,Agricultural Productivity Change (% - RFD_low),2030,0.003731,Mekong,subBasin,pal_div
SSP2_ipsl_epic,China,MiscCrop,Agricultural Productivity Change (% - RFD_low),2030,0.003731,Mekong,subBasin,pal_div
SSP2_ipsl_epic,China,MiscCrop,Agricultural Productivity Change (% - RFD_low),2050,0.000612,Mekong,subBasin,pal_div
SSP2_ipsl_epic,China,MiscCrop,Agricultural Productivity Change (% - RFD_low),2050,0.000612,Mekong,subBasin,pal_div
SSP2_ipsl_epic,China,MiscCrop,Agricultural Productivity Change (% - RFD_low),2100,-0.000163,Mekong,subBasin,pal_div
SSP2_ipsl_epic,China,MiscCrop,Agricultural Productivity Change (% - RFD_low),2100,-0.000163,Mekong,subBasin,pal_div
SSP2_ipsl_epic,China,MiscCrop,Agricultural Productivity Change (% - RFD_low),2030,0.013251,Ob,subBasin,pal_div
SSP2_ipsl_epic,China,MiscCrop,Agricultural Productivity Change (% - RFD_low),2050,0.0042,Ob,subBasin,pal_div
SSP2_ipsl_epic,China,MiscCrop,Agricultural Productivity Change (% - RFD_low),2100,0.0018,Ob,subBasin,pal_div
SSP2_ipsl_epic,China,MiscCrop,Agricultural Productivity Change (% - RFD_low),2030,0.013025,Russia_South_East_Coast,subBasin,pal_div
SSP2_ipsl_epic,China,MiscCrop,Agricultural Productivity Change (% - RFD_low),2050,0.006078,Russia_South_East_Coast,subBasin,pal_div
SSP2_ipsl_epic,China,MiscCrop,Agricultural Productivity Change (% - RFD_low),2100,0.003794,Russia_South_East_Coast,subBasin,pal_div
SSP2_ipsl_epic,China,MiscCrop,Agricultural Productivity Change (% - RFD_low),2030,0.002945,South_China_Sea_Coast,subBasin,pal_div
SSP2_ipsl_epic,China,MiscCrop,Agricultural Productivity Change (% - RFD_low),2030,0.002945,South_China_Sea_Coast,subBasin,pal_div
SSP2_ipsl_epic,China,MiscCrop,Agricultural Productivity Change (% - RFD_low),2050,-0.00089,South_China_Sea_Coast,subBasin,pal_div
SSP2_ipsl_epic,China,MiscCrop,Agricultural Productivity Change (% - RFD_low),2050,-0.00089,South_China_Sea_Coast,subBasin,pal_div
SSP2_ipsl_epic,China,MiscCrop,Agricultural Productivity Change (% - RFD_low),2100,-0.000529,South_China_Sea_Coast,subBasin,pal_div
SSP2_ipsl_epic,China,MiscCrop,Agricultural Productivity Change (% - RFD_low),2100,-0.000529,South_China_Sea_Coast,subBasin,pal_div
SSP2_ipsl_epic,China,MiscCrop,Agricultural Productivity Change (% - RFD_low),2030,0.007677,Salween,subBasin,pal_div
SSP2_ipsl_epic,China,MiscCrop,Agricultural Productivity Change (% - RFD_low),2030,0.007677,Salween,subBasin,pal_div
SSP2_ipsl_epic,China,MiscCrop,Agricultural Productivity Change (% - RFD_low),2050,0.005252,Salween,subBasin,pal_div
SSP2_ipsl_epic,China,MiscCrop,Agricultural Productivity Change (% - RFD_low),2050,0.005252,Salween,subBasin,pal_div
SSP2_ipsl_epic,China,MiscCrop,Agricultural Productivity Change (% - RFD_low),2100,0.0018,Salween,subBasin,pal_div
SSP2_ipsl_epic,China,MiscCrop,Agricultural Productivity Change (% - RFD_low),2100,0.0018,Salween,subBasin,pal_div
SSP2_ipsl_epic,China,MiscCrop,Agricultural Productivity Change (% - RFD_low),2030,-0.00789,Syr_Darya,subBasin,pal_div
SSP2_ipsl_epic,China,MiscCrop,Agricultural Productivity Change (% - RFD_low),2050,-0.001108,Syr_Darya,subBasin,pal_div
SSP2_ipsl_epic,China,MiscCrop,Agricultural Productivity Change (% - RFD_low),2100,0.0018,Syr_Darya,subBasin,pal_div
SSP2_ipsl_epic,China,MiscCrop,Agricultural Productivity Change (% - RFD_low),2030,0.0079,,subBasin,pal_div
SSP2_ipsl_epic,China,MiscCrop,Agricultural Productivity Change (% - RFD_low),2050,0.004,,subBasin,pal_div
SSP2_ipsl_epic,China,MiscCrop,Agricultural Productivity Change (% - RFD_low),2100,0.0018,,subBasin,pal_div
SSP2_ipsl_epic,China,MiscCrop,Agricultural Productivity Change (% - RFD_low),2030,0.0077,Tarim_Interior,subBasin,pal_div
SSP2_ipsl_epic,China,MiscCrop,Agricultural Productivity Change (% - RFD_low),2050,0.0031,Tarim_Interior,subBasin,pal_div
SSP2_ipsl_epic,China,MiscCrop,Agricultural Productivity Change (% - RFD_low),2100,0.0018,Tarim_Interior,subBasin,pal_div
SSP2_ipsl_epic,China,MiscCrop,Agricultural Productivity Change (% - RFD_low),2030,0.0065,Plateau_of_Tibet_Interior,subBasin,pal_div
SSP2_ipsl_epic,China,MiscCrop,Agricultural Productivity Change (% - RFD_low),2050,1.00E-04,Plateau_of_Tibet_Interior,subBasin,pal_div
SSP2_ipsl_epic,China,MiscCrop,Agricultural Productivity Change (% - RFD_low),2100,0.0018,Plateau_of_Tibet_Interior,subBasin,pal_div
SSP2_ipsl_epic,China,MiscCrop,Agricultural Productivity Change (% - RFD_low),2030,0.004161,Xun_Jiang,subBasin,pal_div
SSP2_ipsl_epic,China,MiscCrop,Agricultural Productivity Change (% - RFD_low),2030,0.004161,Xun_Jiang,subBasin,pal_div
SSP2_ipsl_epic,China,MiscCrop,Agricultural Productivity Change (% - RFD_low),2050,-0.001045,Xun_Jiang,subBasin,pal_div
SSP2_ipsl_epic,China,MiscCrop,Agricultural Productivity Change (% - RFD_low),2050,-0.001045,Xun_Jiang,subBasin,pal_div
SSP2_ipsl_epic,China,MiscCrop,Agricultural Productivity Change (% - RFD_low),2100,9.50E-05,Xun_Jiang,subBasin,pal_div
SSP2_ipsl_epic,China,MiscCrop,Agricultural Productivity Change (% - RFD_low),2100,9.50E-05,Xun_Jiang,subBasin,pal_div
SSP2_ipsl_epic,China,MiscCrop,Agricultural Productivity Change (% - RFD_low),2030,0.001604,Yangtze,subBasin,pal_div
SSP2_ipsl_epic,China,MiscCrop,Agricultural Productivity Change (% - RFD_low),2050,-0.000133,Yangtze,subBasin,pal_div
SSP2_ipsl_epic,China,MiscCrop,Agricultural Productivity Change (% - RFD_low),2100,0.001099,Yangtze,subBasin,pal_div
SSP2_ipsl_epic,China,MiscCrop,Agricultural Productivity Change (% - RFD_low),2030,0.004251,Ziya_He_Interior,subBasin,pal_div
SSP2_ipsl_epic,China,MiscCrop,Agricultural Productivity Change (% - RFD_low),2050,0.006232,Ziya_He_Interior,subBasin,pal_div
SSP2_ipsl_epic,China,MiscCrop,Agricultural Productivity Change (% - RFD_low),2100,-0.004578,Ziya_He_Interior,subBasin,pal_div
SSP2_ipsl_epic,China,OilCrop,Agricultural Productivity Change (% - RFD_low),2030,0.003549,Amur,subBasin,pal_div
SSP2_ipsl_epic,China,OilCrop,Agricultural Productivity Change (% - RFD_low),2050,-0.001067,Amur,subBasin,pal_div
SSP2_ipsl_epic,China,OilCrop,Agricultural Productivity Change (% - RFD_low),2100,-0.003721,Amur,subBasin,pal_div
SSP2_ipsl_epic,China,OilCrop,Agricultural Productivity Change (% - RFD_low),2030,0.008195,Bo_Hai_Korean_Bay_North_Coast,subBasin,pal_div
SSP2_ipsl_epic,China,OilCrop,Agricultural Productivity Change (% - RFD_low),2050,0.004749,Bo_Hai_Korean_Bay_North_Coast,subBasin,pal_div
SSP2_ipsl_epic,China,OilCrop,Agricultural Productivity Change (% - RFD_low),2100,-0.001576,Bo_Hai_Korean_Bay_North_Coast,subBasin,pal_div
SSP2_ipsl_epic,China,OilCrop,Agricultural Productivity Change (% - RFD_low),2030,0.0047,China_Coast,subBasin,pal_div
SSP2_ipsl_epic,China,OilCrop,Agricultural Productivity Change (% - RFD_low),2050,0.002376,China_Coast,subBasin,pal_div
SSP2_ipsl_epic,China,OilCrop,Agricultural Productivity Change (% - RFD_low),2100,-0.004642,China_Coast,subBasin,pal_div
SSP2_ipsl_epic,China,OilCrop,Agricultural Productivity Change (% - RFD_low),2030,0.011404,Ganges_Bramaputra,subBasin,pal_div
SSP2_ipsl_epic,China,OilCrop,Agricultural Productivity Change (% - RFD_low),2030,0.011404,Ganges_Bramaputra,subBasin,pal_div
SSP2_ipsl_epic,China,OilCrop,Agricultural Productivity Change (% - RFD_low),2050,0.010906,Ganges_Bramaputra,subBasin,pal_div
SSP2_ipsl_epic,China,OilCrop,Agricultural Productivity Change (% - RFD_low),2050,0.010906,Ganges_Bramaputra,subBasin,pal_div
SSP2_ipsl_epic,China,OilCrop,Agricultural Productivity Change (% - RFD_low),2100,-0.002586,Ganges_Bramaputra,subBasin,pal_div
SSP2_ipsl_epic,China,OilCrop,Agricultural Productivity Change (% - RFD_low),2100,-0.002586,Ganges_Bramaputra,subBasin,pal_div
SSP2_ipsl_epic,China,OilCrop,Agricultural Productivity Change (% - RFD_low),2030,-0.008515,Gobi_Interior,subBasin,pal_div
SSP2_ipsl_epic,China,OilCrop,Agricultural Productivity Change (% - RFD_low),2050,0.01774,Gobi_Interior,subBasin,pal_div
SSP2_ipsl_epic,China,OilCrop,Agricultural Productivity Change (% - RFD_low),2100,-0.011861,Gobi_Interior,subBasin,pal_div
SSP2_ipsl_epic,China,OilCrop,Agricultural Productivity Change (% - RFD_low),2030,0.0046,Hainan,subBasin,pal_div
SSP2_ipsl_epic,China,OilCrop,Agricultural Productivity Change (% - RFD_low),2050,0.0027,Hainan,subBasin,pal_div
SSP2_ipsl_epic,China,OilCrop,Agricultural Productivity Change (% - RFD_low),2100,0.0017,Hainan,subBasin,pal_div
SSP2_ipsl_epic,China,OilCrop,Agricultural Productivity Change (% - RFD_low),2030,0.002234,Hong_(Red_River),subBasin,pal_div
SSP2_ipsl_epic,China,OilCrop,Agricultural Productivity Change (% - RFD_low),2030,0.002234,Hong_(Red_River),subBasin,pal_div
SSP2_ipsl_epic,China,OilCrop,Agricultural Productivity Change (% - RFD_low),2050,-0.000182,Hong_(Red_River),subBasin,pal_div
SSP2_ipsl_epic,China,OilCrop,Agricultural Productivity Change (% - RFD_low),2050,-0.000182,Hong_(Red_River),subBasin,pal_div
SSP2_ipsl_epic,China,OilCrop,Agricultural Productivity Change (% - RFD_low),2100,0.001478,Hong_(Red_River),subBasin,pal_div
SSP2_ipsl_epic,China,OilCrop,Agricultural Productivity Change (% - RFD_low),2100,0.001478,Hong_(Red_River),subBasin,pal_div
SSP2_ipsl_epic,China,OilCrop,Agricultural Productivity Change (% - RFD_low),2030,0.001423,Huang_He,subBasin,pal_div
SSP2_ipsl_epic,China,OilCrop,Agricultural Productivity Change (% - RFD_low),2050,0.007515,Huang_He,subBasin,pal_div
SSP2_ipsl_epic,China,OilCrop,Agricultural Productivity Change (% - RFD_low),2100,-0.016646,Huang_He,subBasin,pal_div
SSP2_ipsl_epic,China,OilCrop,Agricultural Productivity Change (% - RFD_low),2030,0.006688,Indus,subBasin,pal_div
SSP2_ipsl_epic,China,OilCrop,Agricultural Productivity Change (% - RFD_low),2050,0.00844,Indus,subBasin,pal_div
SSP2_ipsl_epic,China,OilCrop,Agricultural Productivity Change (% - RFD_low),2100,0.015459,Indus,subBasin,pal_div
SSP2_ipsl_epic,China,OilCrop,Agricultural Productivity Change (% - RFD_low),2030,0.009724,Irrawaddy,subBasin,pal_div
SSP2_ipsl_epic,China,OilCrop,Agricultural Productivity Change (% - RFD_low),2030,0.009724,Irrawaddy,subBasin,pal_div
SSP2_ipsl_epic,China,OilCrop,Agricultural Productivity Change (% - RFD_low),2050,0.008725,Irrawaddy,subBasin,pal_div
SSP2_ipsl_epic,China,OilCrop,Agricultural Productivity Change (% - RFD_low),2050,0.008725,Irrawaddy,subBasin,pal_div
SSP2_ipsl_epic,China,OilCrop,Agricultural Productivity Change (% - RFD_low),2100,-0.000407,Irrawaddy,subBasin,pal_div
SSP2_ipsl_epic,China,OilCrop,Agricultural Productivity Change (% - RFD_low),2100,-0.000407,Irrawaddy,subBasin,pal_div
SSP2_ipsl_epic,China,OilCrop,Agricultural Productivity Change (% - RFD_low),2030,-0.003167,Lake_Balkash,subBasin,pal_div
SSP2_ipsl_epic,China,OilCrop,Agricultural Productivity Change (% - RFD_low),2050,0.010148,Lake_Balkash,subBasin,pal_div
SSP2_ipsl_epic,China,OilCrop,Agricultural Productivity Change (% - RFD_low),2100,-0.003857,Lake_Balkash,subBasin,pal_div
SSP2_ipsl_epic,China,OilCrop,Agricultural Productivity Change (% - RFD_low),2030,0.002161,Mekong,subBasin,pal_div
SSP2_ipsl_epic,China,OilCrop,Agricultural Productivity Change (% - RFD_low),2030,0.002161,Mekong,subBasin,pal_div
SSP2_ipsl_epic,China,OilCrop,Agricultural Productivity Change (% - RFD_low),2050,-0.001625,Mekong,subBasin,pal_div
SSP2_ipsl_epic,China,OilCrop,Agricultural Productivity Change (% - RFD_low),2050,-0.001625,Mekong,subBasin,pal_div
SSP2_ipsl_epic,China,OilCrop,Agricultural Productivity Change (% - RFD_low),2100,-0.003625,Mekong,subBasin,pal_div
SSP2_ipsl_epic,China,OilCrop,Agricultural Productivity Change (% - RFD_low),2100,-0.003625,Mekong,subBasin,pal_div
SSP2_ipsl_epic,China,OilCrop,Agricultural Productivity Change (% - RFD_low),2030,0.005304,Ob,subBasin,pal_div
SSP2_ipsl_epic,China,OilCrop,Agricultural Productivity Change (% - RFD_low),2050,0.018112,Ob,subBasin,pal_div
SSP2_ipsl_epic,China,OilCrop,Agricultural Productivity Change (% - RFD_low),2100,0.000744,Ob,subBasin,pal_div
SSP2_ipsl_epic,China,OilCrop,Agricultural Productivity Change (% - RFD_low),2030,0.006811,Russia_South_East_Coast,subBasin,pal_div
SSP2_ipsl_epic,China,OilCrop,Agricultural Productivity Change (% - RFD_low),2050,0.000572,Russia_South_East_Coast,subBasin,pal_div
SSP2_ipsl_epic,China,OilCrop,Agricultural Productivity Change (% - RFD_low),2100,0.001406,Russia_South_East_Coast,subBasin,pal_div
SSP2_ipsl_epic,China,OilCrop,Agricultural Productivity Change (% - RFD_low),2030,0.00231,South_China_Sea_Coast,subBasin,pal_div
SSP2_ipsl_epic,China,OilCrop,Agricultural Productivity Change (% - RFD_low),2030,0.00231,South_China_Sea_Coast,subBasin,pal_div
SSP2_ipsl_epic,China,OilCrop,Agricultural Productivity Change (% - RFD_low),2050,-0.001499,South_China_Sea_Coast,subBasin,pal_div
SSP2_ipsl_epic,China,OilCrop,Agricultural Productivity Change (% - RFD_low),2050,-0.001499,South_China_Sea_Coast,subBasin,pal_div
SSP2_ipsl_epic,China,OilCrop,Agricultural Productivity Change (% - RFD_low),2100,-0.00273,South_China_Sea_Coast,subBasin,pal_div
SSP2_ipsl_epic,China,OilCrop,Agricultural Productivity Change (% - RFD_low),2100,-0.00273,South_China_Sea_Coast,subBasin,pal_div
SSP2_ipsl_epic,China,OilCrop,Agricultural Productivity Change (% - RFD_low),2030,0.00616,Salween,subBasin,pal_div
SSP2_ipsl_epic,China,OilCrop,Agricultural Productivity Change (% - RFD_low),2030,0.00616,Salween,subBasin,pal_div
SSP2_ipsl_epic,China,OilCrop,Agricultural Productivity Change (% - RFD_low),2050,0.001369,Salween,subBasin,pal_div
SSP2_ipsl_epic,China,OilCrop,Agricultural Productivity Change (% - RFD_low),2050,0.001369,Salween,subBasin,pal_div
SSP2_ipsl_epic,China,OilCrop,Agricultural Productivity Change (% - RFD_low),2100,-0.001868,Salween,subBasin,pal_div
SSP2_ipsl_epic,China,OilCrop,Agricultural Productivity Change (% - RFD_low),2100,-0.001868,Salween,subBasin,pal_div
SSP2_ipsl_epic,China,OilCrop,Agricultural Productivity Change (% - RFD_low),2030,-0.003748,Syr_Darya,subBasin,pal_div
SSP2_ipsl_epic,China,OilCrop,Agricultural Productivity Change (% - RFD_low),2050,0.005316,Syr_Darya,subBasin,pal_div
SSP2_ipsl_epic,China,OilCrop,Agricultural Productivity Change (% - RFD_low),2100,0.0017,Syr_Darya,subBasin,pal_div
SSP2_ipsl_epic,China,OilCrop,Agricultural Productivity Change (% - RFD_low),2030,0.0045,,subBasin,pal_div
SSP2_ipsl_epic,China,OilCrop,Agricultural Productivity Change (% - RFD_low),2050,0.0029,,subBasin,pal_div
SSP2_ipsl_epic,China,OilCrop,Agricultural Productivity Change (% - RFD_low),2100,0.0017,,subBasin,pal_div
SSP2_ipsl_epic,China,OilCrop,Agricultural Productivity Change (% - RFD_low),2030,0.008848,Tarim_Interior,subBasin,pal_div
SSP2_ipsl_epic,China,OilCrop,Agricultural Productivity Change (% - RFD_low),2050,0.0217,Tarim_Interior,subBasin,pal_div
SSP2_ipsl_epic,China,OilCrop,Agricultural Productivity Change (% - RFD_low),2100,0.0017,Tarim_Interior,subBasin,pal_div
SSP2_ipsl_epic,China,OilCrop,Agricultural Productivity Change (% - RFD_low),2030,0.021292,Plateau_of_Tibet_Interior,subBasin,pal_div
SSP2_ipsl_epic,China,OilCrop,Agricultural Productivity Change (% - RFD_low),2050,-0.001011,Plateau_of_Tibet_Interior,subBasin,pal_div
SSP2_ipsl_epic,China,OilCrop,Agricultural Productivity Change (% - RFD_low),2100,-0.030131,Plateau_of_Tibet_Interior,subBasin,pal_div
SSP2_ipsl_epic,China,OilCrop,Agricultural Productivity Change (% - RFD_low),2030,0.006468,Xun_Jiang,subBasin,pal_div
SSP2_ipsl_epic,China,OilCrop,Agricultural Productivity Change (% - RFD_low),2030,0.006468,Xun_Jiang,subBasin,pal_div
SSP2_ipsl_epic,China,OilCrop,Agricultural Productivity Change (% - RFD_low),2050,0.001898,Xun_Jiang,subBasin,pal_div
SSP2_ipsl_epic,China,OilCrop,Agricultural Productivity Change (% - RFD_low),2050,0.001898,Xun_Jiang,subBasin,pal_div
SSP2_ipsl_epic,China,OilCrop,Agricultural Productivity Change (% - RFD_low),2100,0.000143,Xun_Jiang,subBasin,pal_div
SSP2_ipsl_epic,China,OilCrop,Agricultural Productivity Change (% - RFD_low),2100,0.000143,Xun_Jiang,subBasin,pal_div
SSP2_ipsl_epic,China,OilCrop,Agricultural Productivity Change (% - RFD_low),2030,0.008392,Yangtze,subBasin,pal_div
SSP2_ipsl_epic,China,OilCrop,Agricultural Productivity Change (% - RFD_low),2050,0.009108,Yangtze,subBasin,pal_div
SSP2_ipsl_epic,China,OilCrop,Agricultural Productivity Change (% - RFD_low),2100,0.001978,Yangtze,subBasin,pal_div
SSP2_ipsl_epic,China,OilCrop,Agricultural Productivity Change (% - RFD_low),2030,0.002647,Ziya_He_Interior,subBasin,pal_div
SSP2_ipsl_epic,China,OilCrop,Agricultural Productivity Change (% - RFD_low),2050,0.00553,Ziya_He_Interior,subBasin,pal_div
SSP2_ipsl_epic,China,OilCrop,Agricultural Productivity Change (% - RFD_low),2100,-0.006166,Ziya_He_Interior,subBasin,pal_div
SSP2_ipsl_epic,China,Rice,Agricultural Productivity Change (% - RFD_low),2030,0.005202,Amur,subBasin,pal_div
SSP2_ipsl_epic,China,Rice,Agricultural Productivity Change (% - RFD_low),2050,0.000212,Amur,subBasin,pal_div
SSP2_ipsl_epic,China,Rice,Agricultural Productivity Change (% - RFD_low),2100,-0.000298,Amur,subBasin,pal_div
SSP2_ipsl_epic,China,Rice,Agricultural Productivity Change (% - RFD_low),2030,0.006616,Bo_Hai_Korean_Bay_North_Coast,subBasin,pal_div
SSP2_ipsl_epic,China,Rice,Agricultural Productivity Change (% - RFD_low),2050,0.002732,Bo_Hai_Korean_Bay_North_Coast,subBasin,pal_div
SSP2_ipsl_epic,China,Rice,Agricultural Productivity Change (% - RFD_low),2100,-0.000278,Bo_Hai_Korean_Bay_North_Coast,subBasin,pal_div
SSP2_ipsl_epic,China,Rice,Agricultural Productivity Change (% - RFD_low),2030,0.004198,China_Coast,subBasin,pal_div
SSP2_ipsl_epic,China,Rice,Agricultural Productivity Change (% - RFD_low),2050,0.002037,China_Coast,subBasin,pal_div
SSP2_ipsl_epic,China,Rice,Agricultural Productivity Change (% - RFD_low),2100,0.001133,China_Coast,subBasin,pal_div
SSP2_ipsl_epic,China,Rice,Agricultural Productivity Change (% - RFD_low),2030,5.00E-05,Ganges_Bramaputra,subBasin,pal_div
SSP2_ipsl_epic,China,Rice,Agricultural Productivity Change (% - RFD_low),2030,5.00E-05,Ganges_Bramaputra,subBasin,pal_div
SSP2_ipsl_epic,China,Rice,Agricultural Productivity Change (% - RFD_low),2050,-0.00219,Ganges_Bramaputra,subBasin,pal_div
SSP2_ipsl_epic,China,Rice,Agricultural Productivity Change (% - RFD_low),2050,-0.00219,Ganges_Bramaputra,subBasin,pal_div
SSP2_ipsl_epic,China,Rice,Agricultural Productivity Change (% - RFD_low),2100,-0.003274,Ganges_Bramaputra,subBasin,pal_div
SSP2_ipsl_epic,China,Rice,Agricultural Productivity Change (% - RFD_low),2100,-0.003274,Ganges_Bramaputra,subBasin,pal_div
SSP2_ipsl_epic,China,Rice,Agricultural Productivity Change (% - RFD_low),2030,0.001,Gobi_Interior,subBasin,pal_div
SSP2_ipsl_epic,China,Rice,Agricultural Productivity Change (% - RFD_low),2050,0.001,Gobi_Interior,subBasin,pal_div
SSP2_ipsl_epic,China,Rice,Agricultural Productivity Change (% - RFD_low),2100,0.001,Gobi_Interior,subBasin,pal_div
SSP2_ipsl_epic,China,Rice,Agricultural Productivity Change (% - RFD_low),2030,0.0033,Hainan,subBasin,pal_div
SSP2_ipsl_epic,China,Rice,Agricultural Productivity Change (% - RFD_low),2050,9.00E-04,Hainan,subBasin,pal_div
SSP2_ipsl_epic,China,Rice,Agricultural Productivity Change (% - RFD_low),2100,0.001,Hainan,subBasin,pal_div
SSP2_ipsl_epic,China,Rice,Agricultural Productivity Change (% - RFD_low),2030,5.20E-05,Hong_(Red_River),subBasin,pal_div
SSP2_ipsl_epic,China,Rice,Agricultural Productivity Change (% - RFD_low),2030,5.20E-05,Hong_(Red_River),subBasin,pal_div
SSP2_ipsl_epic,China,Rice,Agricultural Productivity Change (% - RFD_low),2050,-0.000795,Hong_(Red_River),subBasin,pal_div
SSP2_ipsl_epic,China,Rice,Agricultural Productivity Change (% - RFD_low),2050,-0.000795,Hong_(Red_River),subBasin,pal_div
SSP2_ipsl_epic,China,Rice,Agricultural Productivity Change (% - RFD_low),2100,0.00651,Hong_(Red_River),subBasin,pal_div
SSP2_ipsl_epic,China,Rice,Agricultural Productivity Change (% - RFD_low),2100,0.00651,Hong_(Red_River),subBasin,pal_div
SSP2_ipsl_epic,China,Rice,Agricultural Productivity Change (% - RFD_low),2030,0.001,Huang_He,subBasin,pal_div
SSP2_ipsl_epic,China,Rice,Agricultural Productivity Change (% - RFD_low),2050,0.001,Huang_He,subBasin,pal_div
SSP2_ipsl_epic,China,Rice,Agricultural Productivity Change (% - RFD_low),2100,0.001,Huang_He,subBasin,pal_div
SSP2_ipsl_epic,China,Rice,Agricultural Productivity Change (% - RFD_low),2030,-0.010696,Indus,subBasin,pal_div
SSP2_ipsl_epic,China,Rice,Agricultural Productivity Change (% - RFD_low),2050,-0.002064,Indus,subBasin,pal_div
SSP2_ipsl_epic,China,Rice,Agricultural Productivity Change (% - RFD_low),2100,0.001197,Indus,subBasin,pal_div
SSP2_ipsl_epic,China,Rice,Agricultural Productivity Change (% - RFD_low),2030,0.002558,Irrawaddy,subBasin,pal_div
SSP2_ipsl_epic,China,Rice,Agricultural Productivity Change (% - RFD_low),2030,0.002558,Irrawaddy,subBasin,pal_div
SSP2_ipsl_epic,China,Rice,Agricultural Productivity Change (% - RFD_low),2050,0.001758,Irrawaddy,subBasin,pal_div
SSP2_ipsl_epic,China,Rice,Agricultural Productivity Change (% - RFD_low),2050,0.001758,Irrawaddy,subBasin,pal_div
SSP2_ipsl_epic,China,Rice,Agricultural Productivity Change (% - RFD_low),2100,0.000127,Irrawaddy,subBasin,pal_div
SSP2_ipsl_epic,China,Rice,Agricultural Productivity Change (% - RFD_low),2100,0.000127,Irrawaddy,subBasin,pal_div
SSP2_ipsl_epic,China,Rice,Agricultural Productivity Change (% - RFD_low),2030,0.001,Lake_Balkash,subBasin,pal_div
SSP2_ipsl_epic,China,Rice,Agricultural Productivity Change (% - RFD_low),2050,0.001,Lake_Balkash,subBasin,pal_div
SSP2_ipsl_epic,China,Rice,Agricultural Productivity Change (% - RFD_low),2100,0.001,Lake_Balkash,subBasin,pal_div
SSP2_ipsl_epic,China,Rice,Agricultural Productivity Change (% - RFD_low),2030,0.000342,Mekong,subBasin,pal_div
SSP2_ipsl_epic,China,Rice,Agricultural Productivity Change (% - RFD_low),2030,0.000342,Mekong,subBasin,pal_div
SSP2_ipsl_epic,China,Rice,Agricultural Productivity Change (% - RFD_low),2050,-0.00127,Mekong,subBasin,pal_div
SSP2_ipsl_epic,China,Rice,Agricultural Productivity Change (% - RFD_low),2050,-0.00127,Mekong,subBasin,pal_div
SSP2_ipsl_epic,China,Rice,Agricultural Productivity Change (% - RFD_low),2100,-0.001572,Mekong,subBasin,pal_div
SSP2_ipsl_epic,China,Rice,Agricultural Productivity Change (% - RFD_low),2100,-0.001572,Mekong,subBasin,pal_div
SSP2_ipsl_epic,China,Rice,Agricultural Productivity Change (% - RFD_low),2030,0.001,Ob,subBasin,pal_div
SSP2_ipsl_epic,China,Rice,Agricultural Productivity Change (% - RFD_low),2050,0.001,Ob,subBasin,pal_div
SSP2_ipsl_epic,China,Rice,Agricultural Productivity Change (% - RFD_low),2100,0.001,Ob,subBasin,pal_div
SSP2_ipsl_epic,China,Rice,Agricultural Productivity Change (% - RFD_low),2030,0.008358,Russia_South_East_Coast,subBasin,pal_div
SSP2_ipsl_epic,China,Rice,Agricultural Productivity Change (% - RFD_low),2050,0.003188,Russia_South_East_Coast,subBasin,pal_div
SSP2_ipsl_epic,China,Rice,Agricultural Productivity Change (% - RFD_low),2100,0.001,Russia_South_East_Coast,subBasin,pal_div
SSP2_ipsl_epic,China,Rice,Agricultural Productivity Change (% - RFD_low),2030,0.002697,South_China_Sea_Coast,subBasin,pal_div
SSP2_ipsl_epic,China,Rice,Agricultural Productivity Change (% - RFD_low),2030,0.002697,South_China_Sea_Coast,subBasin,pal_div
SSP2_ipsl_epic,China,Rice,Agricultural Productivity Change (% - RFD_low),2050,-0.000486,South_China_Sea_Coast,subBasin,pal_div
SSP2_ipsl_epic,China,Rice,Agricultural Productivity Change (% - RFD_low),2050,-0.000486,South_China_Sea_Coast,subBasin,pal_div
SSP2_ipsl_epic,China,Rice,Agricultural Productivity Change (% - RFD_low),2100,-0.000185,South_China_Sea_Coast,subBasin,pal_div
SSP2_ipsl_epic,China,Rice,Agricultural Productivity Change (% - RFD_low),2100,-0.000185,South_China_Sea_Coast,subBasin,pal_div
SSP2_ipsl_epic,China,Rice,Agricultural Productivity Change (% - RFD_low),2030,0.000679,Salween,subBasin,pal_div
SSP2_ipsl_epic,China,Rice,Agricultural Productivity Change (% - RFD_low),2030,0.000679,Salween,subBasin,pal_div
SSP2_ipsl_epic,China,Rice,Agricultural Productivity Change (% - RFD_low),2050,0.000921,Salween,subBasin,pal_div
SSP2_ipsl_epic,China,Rice,Agricultural Productivity Change (% - RFD_low),2050,0.000921,Salween,subBasin,pal_div
SSP2_ipsl_epic,China,Rice,Agricultural Productivity Change (% - RFD_low),2100,-0.000893,Salween,subBasin,pal_div
SSP2_ipsl_epic,China,Rice,Agricultural Productivity Change (% - RFD_low),2100,-0.000893,Salween,subBasin,pal_div
SSP2_ipsl_epic,China,Rice,Agricultural Productivity Change (% - RFD_low),2030,0.001,,subBasin,pal_div
SSP2_ipsl_epic,China,Rice,Agricultural Productivity Change (% - RFD_low),2050,0.001,,subBasin,pal_div
SSP2_ipsl_epic,China,Rice,Agricultural Productivity Change (% - RFD_low),2100,0.001,,subBasin,pal_div
SSP2_ipsl_epic,China,Rice,Agricultural Productivity Change (% - RFD_low),2030,0.001,Tarim_Interior,subBasin,pal_div
SSP2_ipsl_epic,China,Rice,Agricultural Productivity Change (% - RFD_low),2050,0.001,Tarim_Interior,subBasin,pal_div
SSP2_ipsl_epic,China,Rice,Agricultural Productivity Change (% - RFD_low),2100,0.001,Tarim_Interior,subBasin,pal_div
SSP2_ipsl_epic,China,Rice,Agricultural Productivity Change (% - RFD_low),2030,0.003839,Xun_Jiang,subBasin,pal_div
SSP2_ipsl_epic,China,Rice,Agricultural Productivity Change (% - RFD_low),2030,0.003839,Xun_Jiang,subBasin,pal_div
SSP2_ipsl_epic,China,Rice,Agricultural Productivity Change (% - RFD_low),2050,-0.000227,Xun_Jiang,subBasin,pal_div
SSP2_ipsl_epic,China,Rice,Agricultural Productivity Change (% - RFD_low),2050,-0.000227,Xun_Jiang,subBasin,pal_div
SSP2_ipsl_epic,China,Rice,Agricultural Productivity Change (% - RFD_low),2100,0.000116,Xun_Jiang,subBasin,pal_div
SSP2_ipsl_epic,China,Rice,Agricultural Productivity Change (% - RFD_low),2100,0.000116,Xun_Jiang,subBasin,pal_div
SSP2_ipsl_epic,China,Rice,Agricultural Productivity Change (% - RFD_low),2030,0.00269,Yangtze,subBasin,pal_div
SSP2_ipsl_epic,China,Rice,Agricultural Productivity Change (% - RFD_low),2050,0.001467,Yangtze,subBasin,pal_div
SSP2_ipsl_epic,China,Rice,Agricultural Productivity Change (% - RFD_low),2100,0.000497,Yangtze,subBasin,pal_div
SSP2_ipsl_epic,China,Rice,Agricultural Productivity Change (% - RFD_low),2030,0.006876,Ziya_He_Interior,subBasin,pal_div
SSP2_ipsl_epic,China,Rice,Agricultural Productivity Change (% - RFD_low),2050,0.004555,Ziya_He_Interior,subBasin,pal_div
SSP2_ipsl_epic,China,Rice,Agricultural Productivity Change (% - RFD_low),2100,0.001383,Ziya_He_Interior,subBasin,pal_div
SSP2_ipsl_epic,China,Root_Tuber,Agricultural Productivity Change (% - RFD_low),2030,0.015233,Amur,subBasin,pal_div
SSP2_ipsl_epic,China,Root_Tuber,Agricultural Productivity Change (% - RFD_low),2050,0.001841,Amur,subBasin,pal_div
SSP2_ipsl_epic,China,Root_Tuber,Agricultural Productivity Change (% - RFD_low),2100,-0.003368,Amur,subBasin,pal_div
SSP2_ipsl_epic,China,Root_Tuber,Agricultural Productivity Change (% - RFD_low),2030,0.023745,Bo_Hai_Korean_Bay_North_Coast,subBasin,pal_div
SSP2_ipsl_epic,China,Root_Tuber,Agricultural Productivity Change (% - RFD_low),2050,0.008746,Bo_Hai_Korean_Bay_North_Coast,subBasin,pal_div
SSP2_ipsl_epic,China,Root_Tuber,Agricultural Productivity Change (% - RFD_low),2100,0.001022,Bo_Hai_Korean_Bay_North_Coast,subBasin,pal_div
SSP2_ipsl_epic,China,Root_Tuber,Agricultural Productivity Change (% - RFD_low),2030,0.010787,China_Coast,subBasin,pal_div
SSP2_ipsl_epic,China,Root_Tuber,Agricultural Productivity Change (% - RFD_low),2050,0.00048,China_Coast,subBasin,pal_div
SSP2_ipsl_epic,China,Root_Tuber,Agricultural Productivity Change (% - RFD_low),2100,-0.003044,China_Coast,subBasin,pal_div
SSP2_ipsl_epic,China,Root_Tuber,Agricultural Productivity Change (% - RFD_low),2030,0.013194,Ganges_Bramaputra,subBasin,pal_div
SSP2_ipsl_epic,China,Root_Tuber,Agricultural Productivity Change (% - RFD_low),2030,0.013194,Ganges_Bramaputra,subBasin,pal_div
SSP2_ipsl_epic,China,Root_Tuber,Agricultural Productivity Change (% - RFD_low),2050,0.005461,Ganges_Bramaputra,subBasin,pal_div
SSP2_ipsl_epic,China,Root_Tuber,Agricultural Productivity Change (% - RFD_low),2050,0.005461,Ganges_Bramaputra,subBasin,pal_div
SSP2_ipsl_epic,China,Root_Tuber,Agricultural Productivity Change (% - RFD_low),2100,-0.002403,Ganges_Bramaputra,subBasin,pal_div
SSP2_ipsl_epic,China,Root_Tuber,Agricultural Productivity Change (% - RFD_low),2100,-0.002403,Ganges_Bramaputra,subBasin,pal_div
SSP2_ipsl_epic,China,Root_Tuber,Agricultural Productivity Change (% - RFD_low),2030,0.005654,Gobi_Interior,subBasin,pal_div
SSP2_ipsl_epic,China,Root_Tuber,Agricultural Productivity Change (% - RFD_low),2050,0.011143,Gobi_Interior,subBasin,pal_div
SSP2_ipsl_epic,China,Root_Tuber,Agricultural Productivity Change (% - RFD_low),2100,-0.009492,Gobi_Interior,subBasin,pal_div
SSP2_ipsl_epic,China,Root_Tuber,Agricultural Productivity Change (% - RFD_low),2030,0.0131,Hainan,subBasin,pal_div
SSP2_ipsl_epic,China,Root_Tuber,Agricultural Productivity Change (% - RFD_low),2050,0.0019,Hainan,subBasin,pal_div
SSP2_ipsl_epic,China,Root_Tuber,Agricultural Productivity Change (% - RFD_low),2100,0.001,Hainan,subBasin,pal_div
SSP2_ipsl_epic,China,Root_Tuber,Agricultural Productivity Change (% - RFD_low),2030,0.01184,Hong_(Red_River),subBasin,pal_div
SSP2_ipsl_epic,China,Root_Tuber,Agricultural Productivity Change (% - RFD_low),2030,0.01184,Hong_(Red_River),subBasin,pal_div
SSP2_ipsl_epic,China,Root_Tuber,Agricultural Productivity Change (% - RFD_low),2050,0.009337,Hong_(Red_River),subBasin,pal_div
SSP2_ipsl_epic,China,Root_Tuber,Agricultural Productivity Change (% - RFD_low),2050,0.009337,Hong_(Red_River),subBasin,pal_div
SSP2_ipsl_epic,China,Root_Tuber,Agricultural Productivity Change (% - RFD_low),2100,-0.010084,Hong_(Red_River),subBasin,pal_div
SSP2_ipsl_epic,China,Root_Tuber,Agricultural Productivity Change (% - RFD_low),2100,-0.010084,Hong_(Red_River),subBasin,pal_div
SSP2_ipsl_epic,China,Root_Tuber,Agricultural Productivity Change (% - RFD_low),2030,0.007346,Huang_He,subBasin,pal_div
SSP2_ipsl_epic,China,Root_Tuber,Agricultural Productivity Change (% - RFD_low),2050,0.007072,Huang_He,subBasin,pal_div
SSP2_ipsl_epic,China,Root_Tuber,Agricultural Productivity Change (% - RFD_low),2100,-0.017032,Huang_He,subBasin,pal_div
SSP2_ipsl_epic,China,Root_Tuber,Agricultural Productivity Change (% - RFD_low),2030,0.009093,Indus,subBasin,pal_div
SSP2_ipsl_epic,China,Root_Tuber,Agricultural Productivity Change (% - RFD_low),2050,0.007052,Indus,subBasin,pal_div
SSP2_ipsl_epic,China,Root_Tuber,Agricultural Productivity Change (% - RFD_low),2100,0.005832,Indus,subBasin,pal_div
SSP2_ipsl_epic,China,Root_Tuber,Agricultural Productivity Change (% - RFD_low),2030,0.010866,Irrawaddy,subBasin,pal_div
SSP2_ipsl_epic,China,Root_Tuber,Agricultural Productivity Change (% - RFD_low),2030,0.010866,Irrawaddy,subBasin,pal_div
SSP2_ipsl_epic,China,Root_Tuber,Agricultural Productivity Change (% - RFD_low),2050,0.004642,Irrawaddy,subBasin,pal_div
SSP2_ipsl_epic,China,Root_Tuber,Agricultural Productivity Change (% - RFD_low),2050,0.004642,Irrawaddy,subBasin,pal_div
SSP2_ipsl_epic,China,Root_Tuber,Agricultural Productivity Change (% - RFD_low),2100,-0.000588,Irrawaddy,subBasin,pal_div
SSP2_ipsl_epic,China,Root_Tuber,Agricultural Productivity Change (% - RFD_low),2100,-0.000588,Irrawaddy,subBasin,pal_div
SSP2_ipsl_epic,China,Root_Tuber,Agricultural Productivity Change (% - RFD_low),2030,-0.003287,Lake_Balkash,subBasin,pal_div
SSP2_ipsl_epic,China,Root_Tuber,Agricultural Productivity Change (% - RFD_low),2050,0.009308,Lake_Balkash,subBasin,pal_div
SSP2_ipsl_epic,China,Root_Tuber,Agricultural Productivity Change (% - RFD_low),2100,-0.008345,Lake_Balkash,subBasin,pal_div
SSP2_ipsl_epic,China,Root_Tuber,Agricultural Productivity Change (% - RFD_low),2030,0.009935,Mekong,subBasin,pal_div
SSP2_ipsl_epic,China,Root_Tuber,Agricultural Productivity Change (% - RFD_low),2030,0.009935,Mekong,subBasin,pal_div
SSP2_ipsl_epic,China,Root_Tuber,Agricultural Productivity Change (% - RFD_low),2050,0.000332,Mekong,subBasin,pal_div
SSP2_ipsl_epic,China,Root_Tuber,Agricultural Productivity Change (% - RFD_low),2050,0.000332,Mekong,subBasin,pal_div
SSP2_ipsl_epic,China,Root_Tuber,Agricultural Productivity Change (% - RFD_low),2100,-0.002463,Mekong,subBasin,pal_div
SSP2_ipsl_epic,China,Root_Tuber,Agricultural Productivity Change (% - RFD_low),2100,-0.002463,Mekong,subBasin,pal_div
SSP2_ipsl_epic,China,Root_Tuber,Agricultural Productivity Change (% - RFD_low),2030,0.000137,Ob,subBasin,pal_div
SSP2_ipsl_epic,China,Root_Tuber,Agricultural Productivity Change (% - RFD_low),2050,0.001736,Ob,subBasin,pal_div
SSP2_ipsl_epic,China,Root_Tuber,Agricultural Productivity Change (% - RFD_low),2100,-0.000154,Ob,subBasin,pal_div
SSP2_ipsl_epic,China,Root_Tuber,Agricultural Productivity Change (% - RFD_low),2030,0.020865,Russia_South_East_Coast,subBasin,pal_div
SSP2_ipsl_epic,China,Root_Tuber,Agricultural Productivity Change (% - RFD_low),2050,0.005736,Russia_South_East_Coast,subBasin,pal_div
SSP2_ipsl_epic,China,Root_Tuber,Agricultural Productivity Change (% - RFD_low),2100,0.002483,Russia_South_East_Coast,subBasin,pal_div
SSP2_ipsl_epic,China,Root_Tuber,Agricultural Productivity Change (% - RFD_low),2030,0.011254,South_China_Sea_Coast,subBasin,pal_div
SSP2_ipsl_epic,China,Root_Tuber,Agricultural Productivity Change (% - RFD_low),2030,0.011254,South_China_Sea_Coast,subBasin,pal_div
SSP2_ipsl_epic,China,Root_Tuber,Agricultural Productivity Change (% - RFD_low),2050,0.001837,South_China_Sea_Coast,subBasin,pal_div
SSP2_ipsl_epic,China,Root_Tuber,Agricultural Productivity Change (% - RFD_low),2050,0.001837,South_China_Sea_Coast,subBasin,pal_div
SSP2_ipsl_epic,China,Root_Tuber,Agricultural Productivity Change (% - RFD_low),2100,-0.003273,South_China_Sea_Coast,subBasin,pal_div
SSP2_ipsl_epic,China,Root_Tuber,Agricultural Productivity Change (% - RFD_low),2100,-0.003273,South_China_Sea_Coast,subBasin,pal_div
SSP2_ipsl_epic,China,Root_Tuber,Agricultural Productivity Change (% - RFD_low),2030,0.012145,Salween,subBasin,pal_div
SSP2_ipsl_epic,China,Root_Tuber,Agricultural Productivity Change (% - RFD_low),2030,0.012145,Salween,subBasin,pal_div
SSP2_ipsl_epic,China,Root_Tuber,Agricultural Productivity Change (% - RFD_low),2050,0.001829,Salween,subBasin,pal_div
SSP2_ipsl_epic,China,Root_Tuber,Agricultural Productivity Change (% - RFD_low),2050,0.001829,Salween,subBasin,pal_div
SSP2_ipsl_epic,China,Root_Tuber,Agricultural Productivity Change (% - RFD_low),2100,-0.001072,Salween,subBasin,pal_div
SSP2_ipsl_epic,China,Root_Tuber,Agricultural Productivity Change (% - RFD_low),2100,-0.001072,Salween,subBasin,pal_div
SSP2_ipsl_epic,China,Root_Tuber,Agricultural Productivity Change (% - RFD_low),2030,0.0136,,subBasin,pal_div
SSP2_ipsl_epic,China,Root_Tuber,Agricultural Productivity Change (% - RFD_low),2050,0.0027,,subBasin,pal_div
SSP2_ipsl_epic,China,Root_Tuber,Agricultural Productivity Change (% - RFD_low),2100,0.001,,subBasin,pal_div
SSP2_ipsl_epic,China,Root_Tuber,Agricultural Productivity Change (% - RFD_low),2030,0.010959,Tarim_Interior,subBasin,pal_div
SSP2_ipsl_epic,China,Root_Tuber,Agricultural Productivity Change (% - RFD_low),2050,0.008096,Tarim_Interior,subBasin,pal_div
SSP2_ipsl_epic,China,Root_Tuber,Agricultural Productivity Change (% - RFD_low),2100,-0.003984,Tarim_Interior,subBasin,pal_div
SSP2_ipsl_epic,China,Root_Tuber,Agricultural Productivity Change (% - RFD_low),2030,0.0172,Plateau_of_Tibet_Interior,subBasin,pal_div
SSP2_ipsl_epic,China,Root_Tuber,Agricultural Productivity Change (% - RFD_low),2050,0.0072,Plateau_of_Tibet_Interior,subBasin,pal_div
SSP2_ipsl_epic,China,Root_Tuber,Agricultural Productivity Change (% - RFD_low),2100,-0.020621,Plateau_of_Tibet_Interior,subBasin,pal_div
SSP2_ipsl_epic,China,Root_Tuber,Agricultural Productivity Change (% - RFD_low),2030,0.012172,Xun_Jiang,subBasin,pal_div
SSP2_ipsl_epic,China,Root_Tuber,Agricultural Productivity Change (% - RFD_low),2030,0.012172,Xun_Jiang,subBasin,pal_div
SSP2_ipsl_epic,China,Root_Tuber,Agricultural Productivity Change (% - RFD_low),2050,-0.001121,Xun_Jiang,subBasin,pal_div
SSP2_ipsl_epic,China,Root_Tuber,Agricultural Productivity Change (% - RFD_low),2050,-0.001121,Xun_Jiang,subBasin,pal_div
SSP2_ipsl_epic,China,Root_Tuber,Agricultural Productivity Change (% - RFD_low),2100,-0.002604,Xun_Jiang,subBasin,pal_div
SSP2_ipsl_epic,China,Root_Tuber,Agricultural Productivity Change (% - RFD_low),2100,-0.002604,Xun_Jiang,subBasin,pal_div
SSP2_ipsl_epic,China,Root_Tuber,Agricultural Productivity Change (% - RFD_low),2030,0.009099,Yangtze,subBasin,pal_div
SSP2_ipsl_epic,China,Root_Tuber,Agricultural Productivity Change (% - RFD_low),2050,-0.000546,Yangtze,subBasin,pal_div
SSP2_ipsl_epic,China,Root_Tuber,Agricultural Productivity Change (% - RFD_low),2100,-0.002277,Yangtze,subBasin,pal_div
SSP2_ipsl_epic,China,Root_Tuber,Agricultural Productivity Change (% - RFD_low),2030,0.01307,Ziya_He_Interior,subBasin,pal_div
SSP2_ipsl_epic,China,Root_Tuber,Agricultural Productivity Change (% - RFD_low),2050,0.007106,Ziya_He_Interior,subBasin,pal_div
SSP2_ipsl_epic,China,Root_Tuber,Agricultural Productivity Change (% - RFD_low),2100,-0.006044,Ziya_He_Interior,subBasin,pal_div
SSP2_ipsl_epic,China,Wheat,Agricultural Productivity Change (% - RFD_low),2030,0.018129,Amur,subBasin,pal_div
SSP2_ipsl_epic,China,Wheat,Agricultural Productivity Change (% - RFD_low),2050,0.001799,Amur,subBasin,pal_div
SSP2_ipsl_epic,China,Wheat,Agricultural Productivity Change (% - RFD_low),2100,-0.004905,Amur,subBasin,pal_div
SSP2_ipsl_epic,China,Wheat,Agricultural Productivity Change (% - RFD_low),2030,0.024899,Bo_Hai_Korean_Bay_North_Coast,subBasin,pal_div
SSP2_ipsl_epic,China,Wheat,Agricultural Productivity Change (% - RFD_low),2050,0.007733,Bo_Hai_Korean_Bay_North_Coast,subBasin,pal_div
SSP2_ipsl_epic,China,Wheat,Agricultural Productivity Change (% - RFD_low),2100,-0.001895,Bo_Hai_Korean_Bay_North_Coast,subBasin,pal_div
SSP2_ipsl_epic,China,Wheat,Agricultural Productivity Change (% - RFD_low),2030,0.013962,China_Coast,subBasin,pal_div
SSP2_ipsl_epic,China,Wheat,Agricultural Productivity Change (% - RFD_low),2050,-0.003155,China_Coast,subBasin,pal_div
SSP2_ipsl_epic,China,Wheat,Agricultural Productivity Change (% - RFD_low),2100,-0.003868,China_Coast,subBasin,pal_div
SSP2_ipsl_epic,China,Wheat,Agricultural Productivity Change (% - RFD_low),2030,0.022124,Ganges_Bramaputra,subBasin,pal_div
SSP2_ipsl_epic,China,Wheat,Agricultural Productivity Change (% - RFD_low),2030,0.022124,Ganges_Bramaputra,subBasin,pal_div
SSP2_ipsl_epic,China,Wheat,Agricultural Productivity Change (% - RFD_low),2050,0.00812,Ganges_Bramaputra,subBasin,pal_div
SSP2_ipsl_epic,China,Wheat,Agricultural Productivity Change (% - RFD_low),2050,0.00812,Ganges_Bramaputra,subBasin,pal_div
SSP2_ipsl_epic,China,Wheat,Agricultural Productivity Change (% - RFD_low),2100,0.003066,Ganges_Bramaputra,subBasin,pal_div
SSP2_ipsl_epic,China,Wheat,Agricultural Productivity Change (% - RFD_low),2100,0.003066,Ganges_Bramaputra,subBasin,pal_div
SSP2_ipsl_epic,China,Wheat,Agricultural Productivity Change (% - RFD_low),2030,-0.001774,Gobi_Interior,subBasin,pal_div
SSP2_ipsl_epic,China,Wheat,Agricultural Productivity Change (% - RFD_low),2050,0.014273,Gobi_Interior,subBasin,pal_div
SSP2_ipsl_epic,China,Wheat,Agricultural Productivity Change (% - RFD_low),2100,-0.002985,Gobi_Interior,subBasin,pal_div
SSP2_ipsl_epic,China,Wheat,Agricultural Productivity Change (% - RFD_low),2030,0.0195,Hong_(Red_River),subBasin,pal_div
SSP2_ipsl_epic,China,Wheat,Agricultural Productivity Change (% - RFD_low),2030,0.0195,Hong_(Red_River),subBasin,pal_div
SSP2_ipsl_epic,China,Wheat,Agricultural Productivity Change (% - RFD_low),2050,0.0062,Hong_(Red_River),subBasin,pal_div
SSP2_ipsl_epic,China,Wheat,Agricultural Productivity Change (% - RFD_low),2050,0.0062,Hong_(Red_River),subBasin,pal_div
SSP2_ipsl_epic,China,Wheat,Agricultural Productivity Change (% - RFD_low),2100,0.001,Hong_(Red_River),subBasin,pal_div
SSP2_ipsl_epic,China,Wheat,Agricultural Productivity Change (% - RFD_low),2100,0.001,Hong_(Red_River),subBasin,pal_div
SSP2_ipsl_epic,China,Wheat,Agricultural Productivity Change (% - RFD_low),2030,0.013414,Huang_He,subBasin,pal_div
SSP2_ipsl_epic,China,Wheat,Agricultural Productivity Change (% - RFD_low),2050,0.009526,Huang_He,subBasin,pal_div
SSP2_ipsl_epic,China,Wheat,Agricultural Productivity Change (% - RFD_low),2100,-0.013466,Huang_He,subBasin,pal_div
SSP2_ipsl_epic,China,Wheat,Agricultural Productivity Change (% - RFD_low),2030,0.026267,Indus,subBasin,pal_div
SSP2_ipsl_epic,China,Wheat,Agricultural Productivity Change (% - RFD_low),2050,0.009044,Indus,subBasin,pal_div
SSP2_ipsl_epic,China,Wheat,Agricultural Productivity Change (% - RFD_low),2100,0.001,Indus,subBasin,pal_div
SSP2_ipsl_epic,China,Wheat,Agricultural Productivity Change (% - RFD_low),2030,0.015004,Irrawaddy,subBasin,pal_div
SSP2_ipsl_epic,China,Wheat,Agricultural Productivity Change (% - RFD_low),2030,0.015004,Irrawaddy,subBasin,pal_div
SSP2_ipsl_epic,China,Wheat,Agricultural Productivity Change (% - RFD_low),2050,0.002513,Irrawaddy,subBasin,pal_div
SSP2_ipsl_epic,China,Wheat,Agricultural Productivity Change (% - RFD_low),2050,0.002513,Irrawaddy,subBasin,pal_div
SSP2_ipsl_epic,China,Wheat,Agricultural Productivity Change (% - RFD_low),2100,-0.006378,Irrawaddy,subBasin,pal_div
SSP2_ipsl_epic,China,Wheat,Agricultural Productivity Change (% - RFD_low),2100,-0.006378,Irrawaddy,subBasin,pal_div
SSP2_ipsl_epic,China,Wheat,Agricultural Productivity Change (% - RFD_low),2030,-0.03616,Lake_Balkash,subBasin,pal_div
SSP2_ipsl_epic,China,Wheat,Agricultural Productivity Change (% - RFD_low),2050,0.01595,Lake_Balkash,subBasin,pal_div
SSP2_ipsl_epic,China,Wheat,Agricultural Productivity Change (% - RFD_low),2100,-0.013334,Lake_Balkash,subBasin,pal_div
SSP2_ipsl_epic,China,Wheat,Agricultural Productivity Change (% - RFD_low),2030,0.0195,Mekong,subBasin,pal_div
SSP2_ipsl_epic,China,Wheat,Agricultural Productivity Change (% - RFD_low),2030,0.0195,Mekong,subBasin,pal_div
SSP2_ipsl_epic,China,Wheat,Agricultural Productivity Change (% - RFD_low),2050,0.0062,Mekong,subBasin,pal_div
SSP2_ipsl_epic,China,Wheat,Agricultural Productivity Change (% - RFD_low),2050,0.0062,Mekong,subBasin,pal_div
SSP2_ipsl_epic,China,Wheat,Agricultural Productivity Change (% - RFD_low),2100,0.001,Mekong,subBasin,pal_div
SSP2_ipsl_epic,China,Wheat,Agricultural Productivity Change (% - RFD_low),2100,0.001,Mekong,subBasin,pal_div
SSP2_ipsl_epic,China,Wheat,Agricultural Productivity Change (% - RFD_low),2030,0.000355,Ob,subBasin,pal_div
SSP2_ipsl_epic,China,Wheat,Agricultural Productivity Change (% - RFD_low),2050,-0.002667,Ob,subBasin,pal_div
SSP2_ipsl_epic,China,Wheat,Agricultural Productivity Change (% - RFD_low),2100,0.001341,Ob,subBasin,pal_div
SSP2_ipsl_epic,China,Wheat,Agricultural Productivity Change (% - RFD_low),2030,0.00426,Russia_South_East_Coast,subBasin,pal_div
SSP2_ipsl_epic,China,Wheat,Agricultural Productivity Change (% - RFD_low),2050,0.001696,Russia_South_East_Coast,subBasin,pal_div
SSP2_ipsl_epic,China,Wheat,Agricultural Productivity Change (% - RFD_low),2100,0.001221,Russia_South_East_Coast,subBasin,pal_div
SSP2_ipsl_epic,China,Wheat,Agricultural Productivity Change (% - RFD_low),2030,0.0015,South_China_Sea_Coast,subBasin,pal_div
SSP2_ipsl_epic,China,Wheat,Agricultural Productivity Change (% - RFD_low),2030,0.0015,South_China_Sea_Coast,subBasin,pal_div
SSP2_ipsl_epic,China,Wheat,Agricultural Productivity Change (% - RFD_low),2050,0.0015,South_China_Sea_Coast,subBasin,pal_div
SSP2_ipsl_epic,China,Wheat,Agricultural Productivity Change (% - RFD_low),2050,0.0015,South_China_Sea_Coast,subBasin,pal_div
SSP2_ipsl_epic,China,Wheat,Agricultural Productivity Change (% - RFD_low),2100,0.001,South_China_Sea_Coast,subBasin,pal_div
SSP2_ipsl_epic,China,Wheat,Agricultural Productivity Change (% - RFD_low),2100,0.001,South_China_Sea_Coast,subBasin,pal_div
SSP2_ipsl_epic,China,Wheat,Agricultural Productivity Change (% - RFD_low),2030,0.016443,Salween,subBasin,pal_div
SSP2_ipsl_epic,China,Wheat,Agricultural Productivity Change (% - RFD_low),2030,0.016443,Salween,subBasin,pal_div
SSP2_ipsl_epic,China,Wheat,Agricultural Productivity Change (% - RFD_low),2050,0.000606,Salween,subBasin,pal_div
SSP2_ipsl_epic,China,Wheat,Agricultural Productivity Change (% - RFD_low),2050,0.000606,Salween,subBasin,pal_div
SSP2_ipsl_epic,China,Wheat,Agricultural Productivity Change (% - RFD_low),2100,-0.012272,Salween,subBasin,pal_div
SSP2_ipsl_epic,China,Wheat,Agricultural Productivity Change (% - RFD_low),2100,-0.012272,Salween,subBasin,pal_div
SSP2_ipsl_epic,China,Wheat,Agricultural Productivity Change (% - RFD_low),2030,0.004434,Syr_Darya,subBasin,pal_div
SSP2_ipsl_epic,China,Wheat,Agricultural Productivity Change (% - RFD_low),2050,0.000444,Syr_Darya,subBasin,pal_div
SSP2_ipsl_epic,China,Wheat,Agricultural Productivity Change (% - RFD_low),2100,0.001,Syr_Darya,subBasin,pal_div
SSP2_ipsl_epic,China,Wheat,Agricultural Productivity Change (% - RFD_low),2030,0.018439,Tarim_Interior,subBasin,pal_div
SSP2_ipsl_epic,China,Wheat,Agricultural Productivity Change (% - RFD_low),2050,0.007535,Tarim_Interior,subBasin,pal_div
SSP2_ipsl_epic,China,Wheat,Agricultural Productivity Change (% - RFD_low),2100,0.001906,Tarim_Interior,subBasin,pal_div
SSP2_ipsl_epic,China,Wheat,Agricultural Productivity Change (% - RFD_low),2030,0.0195,Plateau_of_Tibet_Interior,subBasin,pal_div
SSP2_ipsl_epic,China,Wheat,Agricultural Productivity Change (% - RFD_low),2050,0.0062,Plateau_of_Tibet_Interior,subBasin,pal_div
SSP2_ipsl_epic,China,Wheat,Agricultural Productivity Change (% - RFD_low),2100,0.001,Plateau_of_Tibet_Interior,subBasin,pal_div
SSP2_ipsl_epic,China,Wheat,Agricultural Productivity Change (% - RFD_low),2030,0.018228,Xun_Jiang,subBasin,pal_div
SSP2_ipsl_epic,China,Wheat,Agricultural Productivity Change (% - RFD_low),2030,0.018228,Xun_Jiang,subBasin,pal_div
SSP2_ipsl_epic,China,Wheat,Agricultural Productivity Change (% - RFD_low),2050,-0.003845,Xun_Jiang,subBasin,pal_div
SSP2_ipsl_epic,China,Wheat,Agricultural Productivity Change (% - RFD_low),2050,-0.003845,Xun_Jiang,subBasin,pal_div
SSP2_ipsl_epic,China,Wheat,Agricultural Productivity Change (% - RFD_low),2100,-0.005695,Xun_Jiang,subBasin,pal_div
SSP2_ipsl_epic,China,Wheat,Agricultural Productivity Change (% - RFD_low),2100,-0.005695,Xun_Jiang,subBasin,pal_div
SSP2_ipsl_epic,China,Wheat,Agricultural Productivity Change (% - RFD_low),2030,0.014862,Yangtze,subBasin,pal_div
SSP2_ipsl_epic,China,Wheat,Agricultural Productivity Change (% - RFD_low),2050,0.000358,Yangtze,subBasin,pal_div
SSP2_ipsl_epic,China,Wheat,Agricultural Productivity Change (% - RFD_low),2100,-0.00093,Yangtze,subBasin,pal_div
SSP2_ipsl_epic,China,Wheat,Agricultural Productivity Change (% - RFD_low),2030,0.013206,Ziya_He_Interior,subBasin,pal_div
SSP2_ipsl_epic,China,Wheat,Agricultural Productivity Change (% - RFD_low),2050,0.006801,Ziya_He_Interior,subBasin,pal_div
SSP2_ipsl_epic,China,Wheat,Agricultural Productivity Change (% - RFD_low),2100,-0.011091,Ziya_He_Interior,subBasin,pal_div
